2023-03-30 00:00:00, vault_id:1118, 99782
2023-03-30 00:00:00, vault_id:1106, 103413
2023-03-30 00:00:00, vault_id:1047, 139614
2023-03-30 00:00:00, vault_id:1145, 131069
2023-03-30 00:00:00, vault_id:1055, 124122
2023-03-30 00:00:00, vault_id:1099, 142284
2023-04-02 00:00:00, vault_id:1113, 125329
2023-04-02 00:00:00, vault_id:1113, 122092
2023-04-02 00:00:00, vault_id:1113, 114366
2023-04-02 00:00:00, vault_id:1066, 126454
2023-04-02 00:00:00, vault_id:1066, 96582
2023-04-02 00:00:00, vault_id:1042, 175454
2023-04-02 00:00:00, vault_id:1042, 118296
2023-04-02 00:00:00, vault_id:1091, 220268
2023-04-02 00:00:00, vault_id:1090, 126472
2023-04-02 00:00:00, vault_id:1044, 122944
2023-04-02 00:00:00, vault_id:1055, 175257
2023-04-02 00:00:00, vault_id:1131, 188447
2023-04-02 00:00:00, vault_id:1142, 240810
2023-04-02 00:00:00, vault_id:1152, 250281
2023-04-05 00:00:00, vault_id:1093, 283295
2023-04-05 00:00:00, vault_id:1093, 277909
2023-04-05 00:00:00, vault_id:1093, 248152
2023-04-05 00:00:00, vault_id:1093, 177740
2023-04-05 00:00:00, vault_id:1093, 124030
2023-04-05 00:00:00, vault_id:1032, 260671
2023-04-05 00:00:00, vault_id:1032, 250662
2023-04-05 00:00:00, vault_id:1032, 240076
2023-04-05 00:00:00, vault_id:1032, 133130
2023-04-05 00:00:00, vault_id:1044, 256168
2023-04-05 00:00:00, vault_id:1044, 242350
2023-04-05 00:00:00, vault_id:1120, 271325
2023-04-05 00:00:00, vault_id:1120, 218666
2023-04-05 00:00:00, vault_id:1041, 272423
2023-04-05 00:00:00, vault_id:1041, 261978
2023-04-05 00:00:00, vault_id:1014, 250468
2023-04-05 00:00:00, vault_id:1014, 244326
2023-04-05 00:00:00, vault_id:1133, 131881
2023-04-05 00:00:00, vault_id:1133, 128983
2023-04-05 00:00:00, vault_id:1033, 103131
2023-04-05 00:00:00, vault_id:1033, 100862
2023-04-05 00:00:00, vault_id:1010, 272055
2023-04-05 00:00:00, vault_id:1010, 238149
2023-04-05 00:00:00, vault_id:1152, 275902
2023-04-05 00:00:00, vault_id:1152, 127460
2023-04-08 00:00:00, vault_id:1124, 280007
2023-04-08 00:00:00, vault_id:1124, 235275
2023-04-08 00:00:00, vault_id:1124, 95201
2023-04-08 00:00:00, vault_id:1118, 253635
2023-04-08 00:00:00, vault_id:1118, 195384
2023-04-08 00:00:00, vault_id:1135, 253211
2023-04-08 00:00:00, vault_id:1135, 163844
2023-04-08 00:00:00, vault_id:1090, 274581
2023-04-08 00:00:00, vault_id:1090, 106536
2023-04-08 00:00:00, vault_id:1132, 266592
2023-04-08 00:00:00, vault_id:1132, 140789
2023-04-08 00:00:00, vault_id:1400, 271795
2023-04-08 00:00:00, vault_id:1400, 254241
2023-04-08 00:00:00, vault_id:1080, 187546
2023-04-08 00:00:00, vault_id:1043, 136790
2023-04-08 00:00:00, vault_id:1120, 190493
2023-04-08 00:00:00, vault_id:1163, 237519
2023-04-11 00:00:00, vault_id:1090, 229926
2023-04-11 00:00:00, vault_id:1090, 205761
2023-04-11 00:00:00, vault_id:1090, 188565
2023-04-11 00:00:00, vault_id:1090, 127701
2023-04-11 00:00:00, vault_id:1040, 219412
2023-04-11 00:00:00, vault_id:1040, 218629
2023-04-11 00:00:00, vault_id:1040, 202254
2023-04-11 00:00:00, vault_id:1113, 147922
2023-04-11 00:00:00, vault_id:1113, 136525
2023-04-11 00:00:00, vault_id:1113, 116695
2023-04-11 00:00:00, vault_id:1039, 215545
2023-04-11 00:00:00, vault_id:1039, 118464
2023-04-11 00:00:00, vault_id:1036, 221558
2023-04-11 00:00:00, vault_id:1036, 203831
2023-04-11 00:00:00, vault_id:1010, 186239
2023-04-11 00:00:00, vault_id:1010, 94797
2023-04-11 00:00:00, vault_id:1096, 131148
2023-04-11 00:00:00, vault_id:1096, 117279
2023-04-11 00:00:00, vault_id:1093, 224796
2023-04-11 00:00:00, vault_id:1093, 215906
2023-04-11 00:00:00, vault_id:1092, 208246
2023-04-11 00:00:00, vault_id:1092, 190109
2023-04-11 00:00:00, vault_id:1066, 188171
2023-04-14 00:00:00, vault_id:1120, 223860
2023-04-14 00:00:00, vault_id:1120, 201200
2023-04-14 00:00:00, vault_id:1120, 198775
2023-04-14 00:00:00, vault_id:1120, 192951
2023-04-14 00:00:00, vault_id:1161, 190093
2023-04-14 00:00:00, vault_id:1161, 188433
2023-04-14 00:00:00, vault_id:1118, 154227
2023-04-14 00:00:00, vault_id:1118, 141697
2023-04-14 00:00:00, vault_id:1128, 201963
2023-04-14 00:00:00, vault_id:1128, 189471
2023-04-14 00:00:00, vault_id:1113, 124281
2023-04-14 00:00:00, vault_id:1113, 118347
2023-04-14 00:00:00, vault_id:1124, 224325
2023-04-14 00:00:00, vault_id:1124, 197222
2023-04-14 00:00:00, vault_id:1044, 187453
2023-04-14 00:00:00, vault_id:1054, 133872
2023-04-14 00:00:00, vault_id:1142, 138547
2023-04-14 00:00:00, vault_id:1153, 164409
2023-04-17 00:00:00, vault_id:1113, 229511
2023-04-17 00:00:00, vault_id:1113, 228777
2023-04-17 00:00:00, vault_id:1113, 189899
2023-04-17 00:00:00, vault_id:1113, 166405
2023-04-17 00:00:00, vault_id:1066, 248476
2023-04-17 00:00:00, vault_id:1066, 237415
2023-04-17 00:00:00, vault_id:1118, 205479
2023-04-17 00:00:00, vault_id:1118, 194115
2023-04-17 00:00:00, vault_id:1039, 235377
2023-04-17 00:00:00, vault_id:1039, 104257
2023-04-17 00:00:00, vault_id:1091, 130379
2023-04-17 00:00:00, vault_id:1091, 103343
2023-04-17 00:00:00, vault_id:1055, 202999
2023-04-17 00:00:00, vault_id:1055, 135495
2023-04-17 00:00:00, vault_id:1033, 207481
2023-04-17 00:00:00, vault_id:1033, 202133
2023-04-17 00:00:00, vault_id:1131, 206094
2023-04-17 00:00:00, vault_id:1131, 104017
2023-04-17 00:00:00, vault_id:1053, 271641
2023-04-17 00:00:00, vault_id:1053, 252854
2023-04-17 00:00:00, vault_id:1044, 242789
2023-04-20 00:00:00, vault_id:1053, 164490
2023-04-20 00:00:00, vault_id:1053, 123253
2023-04-20 00:00:00, vault_id:1053, 55265
2023-04-20 00:00:00, vault_id:1022, 129694
2023-04-20 00:00:00, vault_id:1022, 70840
2023-04-20 00:00:00, vault_id:1113, 205328
2023-04-20 00:00:00, vault_id:1113, 185741
2023-04-20 00:00:00, vault_id:1132, 188848
2023-04-20 00:00:00, vault_id:1132, 175738
2023-04-20 00:00:00, vault_id:1127, 100621
2023-04-20 00:00:00, vault_id:1127, 99525
2023-04-20 00:00:00, vault_id:1123, 178050
2023-04-20 00:00:00, vault_id:1123, 42323
2023-04-20 00:00:00, vault_id:1120, 164838
2023-04-20 00:00:00, vault_id:1064, 208475
2023-04-20 00:00:00, vault_id:1060, 101915
2023-04-20 00:00:00, vault_id:1039, 28941
